setId,rep_number,time,position,speed,acceleration,force
517cecc2-2d61-4e03-bd5e-d8a46e9afc44,3,0,-111.5488052,0.044535022,2.411550999,26.10961914
517cecc2-2d61-4e03-bd5e-d8a46e9afc44,3,0.0049999,-111.5490952,0.058488499,2.790695667,25.57940865
517cecc2-2d61-4e03-bd5e-d8a46e9afc44,3,0.0099998,-111.5494766,0.075152367,3.33277297,24.84467888
517cecc2-2d61-4e03-bd5e-d8a46e9afc44,3,0.0149997,-111.5499496,0.095329098,4.035347462,23.90844917
517cecc2-2d61-4e03-bd5e-d8a46e9afc44,3,0.019999599,-111.5505524,0.119732149,4.880609512,22.79408836
517cecc2-2d61-4e03-bd5e-d8a46e9afc44,3,0.024999499,-111.5512924,0.148918331,5.837236881,21.54173279
517cecc2-2d61-4e03-bd5e-d8a46e9afc44,3,0.0299994,-111.5522079,0.183240414,6.864414215,20.20322227
517cecc2-2d61-4e03-bd5e-d8a46e9afc44,3,0.0349993,-111.5533218,0.222821325,7.916184902,18.83725739
517cecc2-2d61-4e03-bd5e-d8a46e9afc44,3,0.039999198,-111.5546646,0.267559916,8.947714806,17.50086021
517cecc2-2d61-4e03-bd5e-d8a46e9afc44,3,0.0449991,-111.5562515,0.317154974,9.91901207,16.24484444
517cecc2-2d61-4e03-bd5e-d8a46e9afc44,3,0.049998999,-111.5581055,0.371147096,10.79842854,15.10938644
517cecc2-2d61-4e03-bd5e-d8a46e9afc44,3,0.054998901,-111.5602493,0.428978056,11.56619167,14.11925697
517cecc2-2d61-4e03-bd5e-d8a46e9afc44,3,0.059998799,-111.5626984,0.490050375,12.21446323,13.28428841
517cecc2-2d61-4e03-bd5e-d8a46e9afc44,3,0.064998701,-111.5654678,0.553777099,12.74534321,12.60097218
517cecc2-2d61-4e03-bd5e-d8a46e9afc44,3,0.0699986,-111.5685654,0.61963135,13.17084408,12.0541172
517cecc2-2d61-4e03-bd5e-d8a46e9afc44,3,0.074998498,-111.5719986,0.687165618,13.50686169,11.62282276
517cecc2-2d61-4e03-bd5e-d8a46e9afc44,3,0.079998396,-111.5757828,0.756016612,13.77020168,11.28559685
517cecc2-2d61-4e03-bd5e-d8a46e9afc44,3,0.084998302,-111.5799103,0.825897753,13.97622204,11.02291679
517cecc2-2d61-4e03-bd5e-d8a46e9afc44,3,0.089998201,-111.5843964,0.896574676,14.13538265,10.82094002
517cecc2-2d61-4e03-bd5e-d8a46e9afc44,3,0.094998099,-111.5892334,0.967849791,14.25502968,10.67076969
517cecc2-2d61-4e03-bd5e-d8a46e9afc44,3,0.099997997,-111.594429,1.039532542,14.33653545,10.57054996
517cecc2-2d61-4e03-bd5e-d8a46e9afc44,3,0.104997903,-111.5999908,1.111428857,14.37928391,10.52066517
517cecc2-2d61-4e03-bd5e-d8a46e9afc44,3,0.109997801,-111.6059036,1.183349967,14.38422203,10.51945686
517cecc2-2d61-4e03-bd5e-d8a46e9afc44,3,0.1149977,-111.6121826,1.255135775,14.35715961,10.55939388
517cecc2-2d61-4e03-bd5e-d8a46e9afc44,3,0.119997598,-111.6188126,1.32667613,14.30805969,10.62668419
517cecc2-2d61-4e03-bd5e-d8a46e9afc44,3,0.124997497,-111.6258011,1.397937775,14.25232506,10.70160866
517cecc2-2d61-4e03-bd5e-d8a46e9afc44,3,0.129997402,-111.6331482,1.468973398,14.20712185,10.76245594
517cecc2-2d61-4e03-bd5e-d8a46e9afc44,3,0.134997293,-111.6408463,1.539908171,14.18695736,10.79072571
517cecc2-2d61-4e03-bd5e-d8a46e9afc44,3,0.139997199,-111.6489029,1.610908031,14.19998264,10.77688503
517cecc2-2d61-4e03-bd5e-d8a46e9afc44,3,0.144997105,-111.6573105,1.682142258,14.24685287,10.7209034
517cecc2-2d61-4e03-bd5e-d8a46e9afc44,3,0.149996996,-111.6660843,1.753731966,14.31793594,10.63524532
517cecc2-2d61-4e03-bd5e-d8a46e9afc44,3,0.154996902,-111.675209,1.825723529,14.39830494,10.53935623
517cecc2-2d61-4e03-bd5e-d8a46e9afc44,3,0.159996793,-111.6847,1.898073792,14.47004795,10.45616913
517cecc2-2d61-4e03-bd5e-d8a46e9afc44,3,0.164996698,-111.6945572,1.970654726,14.51620102,10.40690327
517cecc2-2d61-4e03-bd5e-d8a46e9afc44,3,0.169996604,-111.7047729,2.043279886,14.52500916,10.40591335
517cecc2-2d61-4e03-bd5e-d8a46e9afc44,3,0.174996495,-111.7153473,2.115748882,14.49381828,10.45613575
517cecc2-2d61-4e03-bd5e-d8a46e9afc44,3,0.179996401,-111.7262878,2.187885523,14.42733574,10.55066776
517cecc2-2d61-4e03-bd5e-d8a46e9afc44,3,0.184996307,-111.737587,2.259573936,14.33768082,10.67368221
517cecc2-2d61-4e03-bd5e-d8a46e9afc44,3,0.189996198,-111.7492371,2.330781698,14.24152088,10.80370712
517cecc2-2d61-4e03-bd5e-d8a46e9afc44,3,0.194996104,-111.7612457,2.401553392,14.15437126,10.9203186
517cecc2-2d61-4e03-bd5e-d8a46e9afc44,3,0.199995995,-111.7736053,2.471997738,14.0888586,11.00827312
517cecc2-2d61-4e03-bd5e-d8a46e9afc44,3,0.2049959,-111.7863235,2.542252541,14.05098248,11.0597868
517cecc2-2d61-4e03-bd5e-d8a46e9afc44,3,0.209995806,-111.7993851,2.612462521,14.04198933,11.07365322
517cecc2-2d61-4e03-bd5e-d8a46e9afc44,3,0.214995697,-111.8127975,2.682752848,14.05804729,11.05532265
517cecc2-2d61-4e03-bd5e-d8a46e9afc44,3,0.219995603,-111.826561,2.753214121,14.09227467,11.01401329
517cecc2-2d61-4e03-bd5e-d8a46e9afc44,3,0.224995494,-111.840683,2.823891401,14.13545322,10.96140194
517cecc2-2d61-4e03-bd5e-d8a46e9afc44,3,0.2299954,-111.8551559,2.894777298,14.1771431,10.91108704
517cecc2-2d61-4e03-bd5e-d8a46e9afc44,3,0.234995306,-111.8699875,2.965802908,14.20512676,10.87913036
517cecc2-2d61-4e03-bd5e-d8a46e9afc44,3,0.239995196,-111.88517,3.036828279,14.20510864,10.88369179
517cecc2-2d61-4e03-bd5e-d8a46e9afc44,3,0.244995102,-111.9007034,3.107632875,14.16088581,10.94594955
517cecc2-2d61-4e03-bd5e-d8a46e9afc44,3,0.249994993,-111.9165955,3.177901506,14.05374622,11.09001541
517cecc2-2d61-4e03-bd5e-d8a46e9afc44,3,0.254994899,-111.9328308,3.247208118,13.86131096,11.34438705
517cecc2-2d61-4e03-bd5e-d8a46e9afc44,3,0.259994805,-111.9494095,3.315003633,13.55912495,11.74099731
517cecc2-2d61-4e03-bd5e-d8a46e9afc44,3,0.264994711,-111.9663086,3.380598307,13.1189394,12.31603622
517cecc2-2d61-4e03-bd5e-d8a46e9afc44,3,0.269994587,-111.9835281,3.443161011,12.51251698,13.10560036
517cecc2-2d61-4e03-bd5e-d8a46e9afc44,3,0.274994493,-112.0010376,3.501727581,11.71330738,14.14586163
517cecc2-2d61-4e03-bd5e-d8a46e9afc44,3,0.279994398,-112.0188141,3.555229664,10.70043468,15.46696281
517cecc2-2d61-4e03-bd5e-d8a46e9afc44,3,0.284994304,-112.0368271,3.602568865,9.46784687,17.08161926
517cecc2-2d61-4e03-bd5e-d8a46e9afc44,3,0.28999421,-112.0550385,3.642709732,8.028155327,18.98430634
517cecc2-2d61-4e03-bd5e-d8a46e9afc44,3,0.294994086,-112.07341,3.674788952,6.415836334,21.14831734
517cecc2-2d61-4e03-bd5e-d8a46e9afc44,3,0.299993992,-112.0919037,3.69820118,4.68245554,23.5329113
517cecc2-2d61-4e03-bd5e-d8a46e9afc44,3,0.304993898,-112.110466,3.712655544,2.89088726,26.08740616
517cecc2-2d61-4e03-bd5e-d8a46e9afc44,3,0.309993804,-112.1290588,3.718191385,1.107175589,28.75874901
517cecc2-2d61-4e03-bd5e-d8a46e9afc44,3,0.314993709,-112.1476288,3.715162277,-0.605828643,31.49562454
517cecc2-2d61-4e03-bd5e-d8a46e9afc44,3,0.319993585,-112.166153,3.704180956,-2.196270943,34.25216675
517cecc2-2d61-4e03-bd5e-d8a46e9afc44,3,0.324993491,-112.1845856,3.686056614,-3.62489295,36.98488998
517cecc2-2d61-4e03-bd5e-d8a46e9afc44,3,0.329993397,-112.2028885,3.661723375,-4.866631985,39.64995193
517cecc2-2d61-4e03-bd5e-d8a46e9afc44,3,0.334993303,-112.2210541,3.632193089,-5.906056404,42.19603729
517cecc2-2d61-4e03-bd5e-d8a46e9afc44,3,0.339993209,-112.2210541,3.632193089,-5.906056404,42.19603729
517cecc2-2d61-4e03-bd5e-d8a46e9afc44,3,0.344993114,-112.2390442,3.598538399,-6.730928898,44.55363083
517cecc2-2d61-4e03-bd5e-d8a46e9afc44,3,0.34999299,-112.2568588,3.561914206,-7.324864388,46.6282959
517cecc2-2d61-4e03-bd5e-d8a46e9afc44,3,0.354992896,-112.2744751,3.52360034,-7.662732601,48.2986412
517cecc2-2d61-4e03-bd5e-d8a46e9afc44,3,0.359992802,-112.2919006,3.485045433,-7.711005211,49.42624664
517cecc2-2d61-4e03-bd5e-d8a46e9afc44,3,0.364992708,-112.3091354,3.447870493,-7.435003281,49.86948013
517cecc2-2d61-4e03-bd5e-d8a46e9afc44,3,0.369992614,-112.32621,3.413817406,-6.810611725,49.5159111
517cecc2-2d61-4e03-bd5e-d8a46e9afc44,3,0.37499249,-112.343132,3.384637833,-5.835887909,48.31041718
517cecc2-2d61-4e03-bd5e-d8a46e9afc44,3,0.379992396,-112.3599396,3.361947298,-4.538140774,46.27349854
517cecc2-2d61-4e03-bd5e-d8a46e9afc44,3,0.384992301,-112.3766785,3.347056866,-2.978081226,43.51053238
517cecc2-2d61-4e03-bd5e-d8a46e9afc44,3,0.389992207,-112.3933792,3.340837717,-1.243808389,40.19950104
517cecc2-2d61-4e03-bd5e-d8a46e9afc44,3,0.394992113,-112.4100952,3.343650579,0.562552869,36.56616592
517cecc2-2d61-4e03-bd5e-d8a46e9afc44,3,0.399991989,-112.4268723,3.355329752,2.335843325,32.85918427
517cecc2-2d61-4e03-bd5e-d8a46e9afc44,3,0.404991895,-112.4437485,3.375242472,3.982535362,29.31422615
517cecc2-2d61-4e03-bd5e-d8a46e9afc44,3,0.409991801,-112.460762,3.402394295,5.430381775,26.12670326
517cecc2-2d61-4e03-bd5e-d8a46e9afc44,3,0.414991707,-112.4779434,3.435561895,6.633498669,23.43244553
517cecc2-2d61-4e03-bd5e-d8a46e9afc44,3,0.419991612,-112.4953079,3.473442078,7.576070309,21.2966404
517cecc2-2d61-4e03-bd5e-d8a46e9afc44,3,0.424991488,-112.5128784,3.514787674,8.269124985,19.71619797
517cecc2-2d61-4e03-bd5e-d8a46e9afc44,3,0.429991394,-112.5306702,3.558501959,8.742844582,18.63388634
517cecc2-2d61-4e03-bd5e-d8a46e9afc44,3,0.4349913,-112.5486908,3.60368681,9.03695488,17.96015549
517cecc2-2d61-4e03-bd5e-d8a46e9afc44,3,0.439991206,-112.5669403,3.649638653,9.190382957,17.59768867
517cecc2-2d61-4e03-bd5e-d8a46e9afc44,3,0.444991112,-112.5854187,3.695805073,9.233272552,17.46255302
517cecc2-2d61-4e03-bd5e-d8a46e9afc44,3,0.449990988,-112.604126,3.741719723,9.182910919,17.49558449
517cecc2-2d61-4e03-bd5e-d8a46e9afc44,3,0.454990894,-112.6230621,3.786936045,9.043299675,17.66806602
517cecc2-2d61-4e03-bd5e-d8a46e9afc44,3,0.459990799,-112.6422195,3.830967665,8.806302071,17.97703171
517cecc2-2d61-4e03-bd5e-d8a46e9afc44,3,0.464990705,-112.6615829,3.873247623,8.455978394,18.43702316
517cecc2-2d61-4e03-bd5e-d8a46e9afc44,3,0.469990611,-112.6811523,3.913103819,7.971251965,19.07234192
517cecc2-2d61-4e03-bd5e-d8a46e9afc44,3,0.474990487,-112.7008972,3.949762344,7.331706047,19.9127636
517cecc2-2d61-4e03-bd5e-d8a46e9afc44,3,0.479990393,-112.7208099,3.982387543,6.525036812,20.97884369
517cecc2-2d61-4e03-bd5e-d8a46e9afc44,3,0.484990299,-112.74086,4.010149002,5.552334309,22.27810097
517cecc2-2d61-4e03-bd5e-d8a46e9afc44,3,0.489990205,-112.7610245,4.032320499,4.434283257,23.7983284
517cecc2-2d61-4e03-bd5e-d8a46e9afc44,3,0.49499011,-112.7812653,4.048392296,3.21437192,25.50096703
517cecc2-2d61-4e03-bd5e-d8a46e9afc44,3,0.499989986,-112.8015518,4.058165073,1.954483271,27.32281685
517cecc2-2d61-4e03-bd5e-d8a46e9afc44,3,0.504989922,-112.8218613,4.061784267,0.723879576,29.186903
517cecc2-2d61-4e03-bd5e-d8a46e9afc44,3,0.509989798,-112.8421631,4.059710503,-0.41475898,31.01916313
517cecc2-2d61-4e03-bd5e-d8a46e9afc44,3,0.514989674,-112.8624268,4.052616119,-1.418892503,32.76460266
517cecc2-2d61-4e03-bd5e-d8a46e9afc44,3,0.51998961,-112.8826294,4.041239738,-2.275255442,34.40255356
517cecc2-2d61-4e03-bd5e-d8a46e9afc44,3,0.524989486,-112.9027634,4.026239872,-2.999973774,35.94911194
517cecc2-2d61-4e03-bd5e-d8a46e9afc44,3,0.529989421,-112.9228058,4.008075237,-3.63288641,37.45355988
517cecc2-2d61-4e03-bd5e-d8a46e9afc44,3,0.534989297,-112.9427414,3.986935377,-4.228002548,38.98755646
517cecc2-2d61-4e03-bd5e-d8a46e9afc44,3,0.539989173,-112.9625549,3.962739944,-4.839072704,40.62649918
517cecc2-2d61-4e03-bd5e-d8a46e9afc44,3,0.544989109,-112.9822311,3.935217142,-5.504603386,42.42745972
517cecc2-2d61-4e03-bd5e-d8a46e9afc44,3,0.549988985,-113.0017471,3.904046535,-6.234106541,44.40589905
517cecc2-2d61-4e03-bd5e-d8a46e9afc44,3,0.554988921,-113.0210953,3.869035721,-7.002139568,46.52012253
517cecc2-2d61-4e03-bd5e-d8a46e9afc44,3,0.559988797,-113.0402451,3.830294371,-7.748288631,48.66561508
517cecc2-2d61-4e03-bd5e-d8a46e9afc44,3,0.564988673,-113.0591888,3.788375139,-8.383833885,50.67745209
517cecc2-2d61-4e03-bd5e-d8a46e9afc44,3,0.569988608,-113.0779114,3.74434948,-8.805128098,52.34752274
517cecc2-2d61-4e03-bd5e-d8a46e9afc44,3,0.574988484,-113.096405,3.699784517,-8.912991524,53.45520782
517cecc2-2d61-4e03-bd5e-d8a46e9afc44,3,0.57998842,-113.1146927,3.656630754,-8.63075161,53.79607391
517cecc2-2d61-4e03-bd5e-d8a46e9afc44,3,0.584988296,-113.1327744,3.617020369,-7.922083855,53.22595215
517cecc2-2d61-4e03-bd5e-d8a46e9afc44,3,0.589988172,-113.1506882,3.583047867,-6.79452467,51.68722534
517cecc2-2d61-4e03-bd5e-d8a46e9afc44,3,0.594988108,-113.1684723,3.556577921,-5.293976307,49.21523666
517cecc2-2d61-4e03-bd5e-d8a46e9afc44,3,0.599987984,-113.1861725,3.539093256,-3.496940374,45.93444443
517cecc2-2d61-4e03-bd5e-d8a46e9afc44,3,0.604987919,-113.2038269,3.531587362,-1.501154661,42.0435791
517cecc2-2d61-4e03-bd5e-d8a46e9afc44,3,0.609987795,-113.2214966,3.534518242,0.586148322,37.79081345
517cecc2-2d61-4e03-bd5e-d8a46e9afc44,3,0.614987671,-113.2392426,3.547814131,2.659195662,33.44244003
517cecc2-2d61-4e03-bd5e-d8a46e9afc44,3,0.619987607,-113.2570953,3.570936203,4.624434471,29.25003624
517cecc2-2d61-4e03-bd5e-d8a46e9afc44,3,0.624987483,-113.2751083,3.602980137,6.408763409,25.42256737
517cecc2-2d61-4e03-bd5e-d8a46e9afc44,3,0.629987419,-113.2933197,3.642802715,7.964509964,22.10520363
517cecc2-2d61-4e03-bd5e-d8a46e9afc44,3,0.634987295,-113.3117676,3.689149141,9.269305229,19.37313843
517cecc2-2d61-4e03-bd5e-d8a46e9afc44,3,0.639987171,-113.3304749,3.740757465,10.32166004,17.23612595
517cecc2-2d61-4e03-bd5e-d8a46e9afc44,3,0.644987106,-113.3494568,3.796438217,11.13614368,15.65114784
517cecc2-2d61-4e03-bd5e-d8a46e9afc44,3,0.649986982,-113.3687286,3.855122089,11.73676109,14.54302692
517cecc2-2d61-4e03-bd5e-d8a46e9afc44,3,0.654986918,-113.3883057,3.915874243,12.15043259,13.82330894
517cecc2-2d61-4e03-bd5e-d8a46e9afc44,3,0.659986794,-113.4081955,3.977883101,12.40178776,13.40789986
517cecc2-2d61-4e03-bd5e-d8a46e9afc44,3,0.66498673,-113.4283981,4.040453911,12.51410675,13.22599983
517cecc2-2d61-4e03-bd5e-d8a46e9afc44,3,0.669986606,-113.4489136,4.103007793,12.51082706,13.21966171
517cecc2-2d61-4e03-bd5e-d8a46e9afc44,3,0.674986482,-113.4697418,4.165099144,12.41828918,13.33924007
517cecc2-2d61-4e03-bd5e-d8a46e9afc44,3,0.679986417,-113.4908752,4.226425171,12.26521206,13.54019833
517cecc2-2d61-4e03-bd5e-d8a46e9afc44,3,0.684986293,-113.5123062,4.286831379,12.08122063,13.77955627
517cecc2-2d61-4e03-bd5e-d8a46e9afc44,3,0.689986229,-113.5340424,4.34630537,11.89478779,14.01975632
517cecc2-2d61-4e03-bd5e-d8a46e9afc44,3,0.694986105,-113.5560608,4.4049716,11.73324108,14.22642803
517cecc2-2d61-4e03-bd5e-d8a46e9afc44,3,0.699985981,-113.5783768,4.463068008,11.61927319,14.37119293
517cecc2-2d61-4e03-bd5e-d8a46e9afc44,3,0.704985917,-113.6009827,4.520894527,11.56531811,14.43866539
517cecc2-2d61-4e03-bd5e-d8a46e9afc44,3,0.709985793,-113.6238785,4.578746796,11.57044983,14.43040371
517cecc2-2d61-4e03-bd5e-d8a46e9afc44,3,0.714985728,-113.6470642,4.636848927,11.62039566,14.36531258
517cecc2-2d61-4e03-bd5e-d8a46e9afc44,3,0.719985604,-113.6705399,4.695296764,11.68961048,14.27675915
517cecc2-2d61-4e03-bd5e-d8a46e9afc44,3,0.72498548,-113.6943054,4.754026413,11.74595833,14.20571995
517cecc2-2d61-4e03-bd5e-d8a46e9afc44,3,0.729985416,-113.7183762,4.812816143,11.75790119,14.19297886
517cecc2-2d61-4e03-bd5e-d8a46e9afc44,3,0.734985292,-113.7427292,4.871328831,11.70256519,14.26734924
517cecc2-2d61-4e03-bd5e-d8a46e9afc44,3,0.739985228,-113.7673721,4.929194927,11.57322121,14.43701172
517cecc2-2d61-4e03-bd5e-d8a46e9afc44,3,0.744985104,-113.792305,4.986113548,11.38372231,14.68336201
517cecc2-2d61-4e03-bd5e-d8a46e9afc44,3,0.74998498,-113.8175125,5.041941643,11.16563034,14.96549988
517cecc2-2d61-4e03-bd5e-d8a46e9afc44,3,0.754984915,-113.8430023,5.096746922,10.96106339,15.22957325
517cecc2-2d61-4e03-bd5e-d8a46e9afc44,3,0.759984791,-113.8687515,5.150812149,10.81295967,15.41991043
517cecc2-2d61-4e03-bd5e-d8a46e9afc44,3,0.764984727,-113.8947754,5.20458889,10.75536251,15.49323177
517cecc2-2d61-4e03-bd5e-d8a46e9afc44,3,0.769984603,-113.9210663,5.258615017,10.805233,15.42957592
517cecc2-2d61-4e03-bd5e-d8a46e9afc44,3,0.774984479,-113.9476395,5.313399792,10.95696545,15.23653889
517cecc2-2d61-4e03-bd5e-d8a46e9afc44,3,0.779984415,-113.9744797,5.369308949,11.18185806,14.9514761
517cecc2-2d61-4e03-bd5e-d8a46e9afc44,3,0.784984291,-114.0016174,5.426467896,11.4317503,14.63733864
517cecc2-2d61-4e03-bd5e-d8a46e9afc44,3,0.789984226,-114.0290375,5.484703541,11.64719963,14.3708725
517cecc2-2d61-4e03-bd5e-d8a46e9afc44,3,0.794984102,-114.0567551,5.543513298,11.76195335,14.2359581
517cecc2-2d61-4e03-bd5e-d8a46e9afc44,3,0.799983978,-114.0847702,5.602076054,11.71248341,14.31420803
517cecc2-2d61-4e03-bd5e-d8a46e9afc44,3,0.804983914,-114.11306,5.659293175,11.44346428,14.67615414
517cecc2-2d61-4e03-bd5e-d8a46e9afc44,3,0.80998379,-114.1416321,5.713827133,10.90674591,15.39083862
517cecc2-2d61-4e03-bd5e-d8a46e9afc44,3,0.814983726,-114.1704559,5.764150143,10.06459999,16.51709938
517cecc2-2d61-4e03-bd5e-d8a46e9afc44,3,0.819983602,-114.1994934,5.808576107,8.885270119,18.11511803
517cecc2-2d61-4e03-bd5e-d8a46e9afc44,3,0.824983478,-114.2287216,5.845323563,7.349478245,20.24744987
517cecc2-2d61-4e03-bd5e-d8a46e9afc44,3,0.829983413,-114.2580872,5.87263155,5.461560249,22.96425629
517cecc2-2d61-4e03-bd5e-d8a46e9afc44,3,0.834983289,-114.287529,5.888905048,3.254719734,26.29241943
517cecc2-2d61-4e03-bd5e-d8a46e9afc44,3,0.839983225,-114.3169937,5.892885208,0.796033084,30.21642113
517cecc2-2d61-4e03-bd5e-d8a46e9afc44,3,0.844983101,-114.3464127,5.883822918,-1.81242919,34.66353226
517cecc2-2d61-4e03-bd5e-d8a46e9afc44,3,0.849982977,-114.3757248,5.861608982,-4.442864418,39.50003433
517cecc2-2d61-4e03-bd5e-d8a46e9afc44,3,0.854982913,-114.4048538,5.826828957,-6.955990314,44.53786087
517cecc2-2d61-4e03-bd5e-d8a46e9afc44,3,0.859982789,-114.4337616,5.780766487,-9.212486267,49.54362488
517cecc2-2d61-4e03-bd5e-d8a46e9afc44,3,0.864982724,-114.4623871,5.725344658,-11.08433628,54.25106812
517cecc2-2d61-4e03-bd5e-d8a46e9afc44,3,0.8699826,-114.4906998,5.66302824,-12.46332836,58.37923431
517cecc2-2d61-4e03-bd5e-d8a46e9afc44,3,0.874982476,-114.5186844,5.596679688,-13.26973152,61.65369415
517cecc2-2d61-4e03-bd5e-d8a46e9afc44,3,0.879982412,-114.5463333,5.52936697,-13.46248341,63.83728409
517cecc2-2d61-4e03-bd5e-d8a46e9afc44,3,0.884982288,-114.5736542,5.464154243,-13.04258347,64.76015472
517cecc2-2d61-4e03-bd5e-d8a46e9afc44,3,0.889982224,-114.6006699,5.403882504,-12.05436707,64.33872986
517cecc2-2d61-4e03-bd5e-d8a46e9afc44,3,0.8949821,-114.6274261,5.350960255,-10.58444118,62.59755707
517cecc2-2d61-4e03-bd5e-d8a46e9afc44,3,0.899981976,-114.6539612,5.307199001,-8.752187729,59.67241287
517cecc2-2d61-4e03-bd5e-d8a46e9afc44,3,0.904981911,-114.6803284,5.273730278,-6.693726063,55.79340363
517cecc2-2d61-4e03-bd5e-d8a46e9afc44,3,0.909981787,-114.7065887,5.250973701,-4.55140686,51.26204681
517cecc2-2d61-4e03-bd5e-d8a46e9afc44,3,0.914981723,-114.7327805,5.238650322,-2.46463418,46.42025375
517cecc2-2d61-4e03-bd5e-d8a46e9afc44,3,0.919981599,-114.7589569,5.235858917,-0.558261275,41.60905457
517cecc2-2d61-4e03-bd5e-d8a46e9afc44,3,0.924981475,-114.7851639,5.241190434,1.066286087,37.14139938
517cecc2-2d61-4e03-bd5e-d8a46e9afc44,3,0.929981411,-114.8114319,5.252920628,2.346019506,33.26247406
517cecc2-2d61-4e03-bd5e-d8a46e9afc44,3,0.934981287,-114.8377762,5.269225121,3.26096344,30.12359428
517cecc2-2d61-4e03-bd5e-d8a46e9afc44,3,0.939981222,-114.8642197,5.288374424,3.829820395,27.77872276
517cecc2-2d61-4e03-bd5e-d8a46e9afc44,3,0.944981098,-114.8907623,5.308905125,4.106140614,26.18613625
517cecc2-2d61-4e03-bd5e-d8a46e9afc44,3,0.949980974,-114.9174118,5.329734802,4.165915489,25.22858238
517cecc2-2d61-4e03-bd5e-d8a46e9afc44,3,0.95498091,-114.9441605,5.350194931,4.091996193,24.74613762
517cecc2-2d61-4e03-bd5e-d8a46e9afc44,3,0.959980786,-114.9710083,5.370023251,3.965731859,24.56363869
517cecc2-2d61-4e03-bd5e-d8a46e9afc44,3,0.964980721,-114.9979553,5.38932991,3.861337423,24.51329231
517cecc2-2d61-4e03-bd5e-d8a46e9afc44,3,0.969980597,-115.0250015,5.408526897,3.839325905,24.45479584
517cecc2-2d61-4e03-bd5e-d8a46e9afc44,3,0.974980474,-115.0521393,5.428246021,3.943831921,24.28673363
517cecc2-2d61-4e03-bd5e-d8a46e9afc44,3,0.979980409,-115.0793915,5.449240685,4.19900465,23.94959641
517cecc2-2d61-4e03-bd5e-d8a46e9afc44,3,0.984980285,-115.1067505,5.472271919,4.606184959,23.4273262
517cecc2-2d61-4e03-bd5e-d8a46e9afc44,3,0.989980221,-115.1342392,5.497998238,5.145327568,22.74061966
517cecc2-2d61-4e03-bd5e-d8a46e9afc44,3,0.994980097,-115.1618729,5.526868343,5.77394104,21.94016075
517cecc2-2d61-4e03-bd5e-d8a46e9afc44,3,0.999979973,-115.1896667,5.559020042,6.430345058,21.10559273
517cecc2-2d61-4e03-bd5e-d8a46e9afc44,3,1.004979849,-115.2176437,5.594242573,7.044589043,20.32727623
517cecc2-2d61-4e03-bd5e-d8a46e9afc44,3,1.009979844,-115.2458038,5.631976604,7.546742916,19.69451332
517cecc2-2d61-4e03-bd5e-d8a46e9afc44,3,1.01497972,-115.2741547,5.671362877,7.877310276,19.28252983
517cecc2-2d61-4e03-bd5e-d8a46e9afc44,3,1.019979596,-115.3027115,5.711336136,7.994626522,19.14332771
517cecc2-2d61-4e03-bd5e-d8a46e9afc44,3,1.024979472,-115.3314667,5.750738621,7.880512238,19.29939461
517cecc2-2d61-4e03-bd5e-d8a46e9afc44,3,1.029979348,-115.3604126,5.788452625,7.542781353,19.73976898
517cecc2-2d61-4e03-bd5e-d8a46e9afc44,3,1.034979343,-115.3895264,5.823495865,7.008615494,20.42889786
517cecc2-2d61-4e03-bd5e-d8a46e9afc44,3,1.039979219,-115.4188004,5.855074406,6.315766335,21.32073593
517cecc2-2d61-4e03-bd5e-d8a46e9afc44,3,1.044979095,-115.4482193,5.882591248,5.503287792,22.37024879
517cecc2-2d61-4e03-bd5e-d8a46e9afc44,3,1.049978971,-115.4777451,5.905604362,4.60270834,23.54497719
517cecc2-2d61-4e03-bd5e-d8a46e9afc44,3,1.054978848,-115.5073624,5.923771858,3.633416414,24.8347435
517cecc2-2d61-4e03-bd5e-d8a46e9afc44,3,1.059978843,-115.5370483,5.936788082,2.60324502,26.25314331
517cecc2-2d61-4e03-bd5e-d8a46e9afc44,3,1.064978719,-115.5667648,5.944357872,1.513965368,27.8310051
517cecc2-2d61-4e03-bd5e-d8a46e9afc44,3,1.069978595,-115.5964966,5.946194649,0.367406279,29.60402107
517cecc2-2d61-4e03-bd5e-d8a46e9afc44,3,1.074978471,-115.6262131,5.942046642,-0.829649806,31.60213089
517cecc2-2d61-4e03-bd5e-d8a46e9afc44,3,1.079978347,-115.6558685,5.931745529,-2.060217619,33.83480072
517cecc2-2d61-4e03-bd5e-d8a46e9afc44,3,1.084978342,-115.6854477,5.915280342,-3.29297781,36.27684021
517cecc2-2d61-4e03-bd5e-d8a46e9afc44,3,1.089978218,-115.7149124,5.892867565,-4.482578278,38.8638649
517cecc2-2d61-4e03-bd5e-d8a46e9afc44,3,1.094978094,-115.7442322,5.865019321,-5.569639683,41.4863205
517cecc2-2d61-4e03-bd5e-d8a46e9afc44,3,1.09997797,-115.7733994,5.832592964,-6.485283375,43.99393845
517cecc2-2d61-4e03-bd5e-d8a46e9afc44,3,1.104977846,-115.8023834,5.796797276,-7.159109592,46.20862961
517cecc2-2d61-4e03-bd5e-d8a46e9afc44,3,1.109977841,-115.8311768,5.759159565,-7.527608395,47.94321823
517cecc2-2d61-4e03-bd5e-d8a46e9afc44,3,1.114977717,-115.859787,5.721437454,-7.544403553,49.02793503
517cecc2-2d61-4e03-bd5e-d8a46e9afc44,3,1.119977593,-115.8882141,5.685504913,-7.186517715,49.32916641
517cecc2-2d61-4e03-bd5e-d8a46e9afc44,3,1.124977469,-115.916481,5.653207779,-6.45938921,48.7739296
517cecc2-2d61-4e03-bd5e-d8a46e9afc44,3,1.129977345,-115.9446106,5.626235962,-5.394358158,47.35954666
517cecc2-2d61-4e03-bd5e-d8a46e9afc44,3,1.134977341,-115.972641,5.606023312,-4.042555809,45.1538887
517cecc2-2d61-4e03-bd5e-d8a46e9afc44,3,1.139977217,-116.0006104,5.593668461,-2.470988989,42.29016495
517cecc2-2d61-4e03-bd5e-d8a46e9afc44,3,1.144977093,-116.0285568,5.589895248,-0.754588246,38.9493103
517cecc2-2d61-4e03-bd5e-d8a46e9afc44,3,1.149976969,-116.0565338,5.595044136,1.029778004,35.3372345
517cecc2-2d61-4e03-bd5e-d8a46e9afc44,3,1.154976845,-116.0845795,5.609069824,2.80515337,31.66801071
517cecc2-2d61-4e03-bd5e-d8a46e9afc44,3,1.15997684,-116.1127319,5.631565571,4.499102116,28.14393997
517cecc2-2d61-4e03-bd5e-d8a46e9afc44,3,1.164976716,-116.1410446,5.661810875,6.049109459,24.93514252
517cecc2-2d61-4e03-bd5e-d8a46e9afc44,3,1.169976592,-116.1695404,5.69883585,7.404975891,22.1673584
517cecc2-2d61-4e03-bd5e-d8a46e9afc44,3,1.174976468,-116.1982422,5.741490841,8.530950546,19.91535568
517cecc2-2d61-4e03-bd5e-d8a46e9afc44,3,1.179976344,-116.2271881,5.788512707,9.404379845,18.20706367
517cecc2-2d61-4e03-bd5e-d8a46e9afc44,3,1.184976339,-116.2563782,5.838588715,10.01525497,17.02989578
517cecc2-2d61-4e03-bd5e-d8a46e9afc44,3,1.189976215,-116.2858353,5.890416145,10.36540318,16.34185028
517cecc2-2d61-4e03-bd5e-d8a46e9afc44,3,1.194976091,-116.3155441,5.942755222,10.46789646,16.08184433
517cecc2-2d61-4e03-bd5e-d8a46e9afc44,3,1.199975967,-116.34552,5.994509697,10.35087395,16.1727314
517cecc2-2d61-4e03-bd5e-d8a46e9afc44,3,1.204975843,-116.3757401,6.044804573,10.05893421,16.52517319
517cecc2-2d61-4e03-bd5e-d8a46e9afc44,3,1.209975839,-116.4062119,6.093053341,9.649815559,17.04379845
517cecc2-2d61-4e03-bd5e-d8a46e9afc44,3,1.214975715,-116.4369049,6.138998985,9.189136505,17.63337898
517cecc2-2d61-4e03-bd5e-d8a46e9afc44,3,1.219975591,-116.4678192,6.182707787,8.741681099,18.20606995
517cecc2-2d61-4e03-bd5e-d8a46e9afc44,3,1.224975467,-116.4989395,6.224507809,8.360068321,18.69110107
517cecc2-2d61-4e03-bd5e-d8a46e9afc44,3,1.229975343,-116.5302658,6.264891148,8.076638222,19.04842377
517cecc2-2d61-4e03-bd5e-d8a46e9afc44,3,1.234975338,-116.5617828,6.304393291,7.900430679,19.26763153
517cecc2-2d61-4e03-bd5e-d8a46e9afc44,3,1.239975214,-116.5935059,6.34347868,7.817120552,19.36848259
517cecc2-2d61-4e03-bd5e-d8a46e9afc44,3,1.24497509,-116.6254196,6.382450581,7.794353008,19.39330864
517cecc2-2d61-4e03-bd5e-d8a46e9afc44,3,1.249974966,-116.6575241,6.421402931,7.790460587,19.39575195
517cecc2-2d61-4e03-bd5e-d8a46e9afc44,3,1.254974842,-116.689827,6.460213184,7.76200676,19.43159676
517cecc2-2d61-4e03-bd5e-d8a46e9afc44,3,1.259974837,-116.7223206,6.498569012,7.671154499,19.54944801
517cecc2-2d61-4e03-bd5e-d8a46e9afc44,3,1.264974713,-116.7549973,6.536021709,7.490561485,19.78317451
517cecc2-2d61-4e03-bd5e-d8a46e9afc44,3,1.269974589,-116.7878571,6.57205677,7.207008839,20.14938927
517cecc2-2d61-4e03-bd5e-d8a46e9afc44,3,1.274974465,-116.8208847,6.606155396,6.819738388,20.64816475
517cecc2-2d61-4e03-bd5e-d8a46e9afc44,3,1.279974341,-116.8540802,6.6378479,6.338563919,21.26715279
517cecc2-2d61-4e03-bd5e-d8a46e9afc44,3,1.284974337,-116.887413,6.66673851,5.77806282,21.98928452
517cecc2-2d61-4e03-bd5e-d8a46e9afc44,3,1.289974213,-116.9208755,6.692480087,5.148295403,22.80643845
517cecc2-2d61-4e03-bd5e-d8a46e9afc44,3,1.294974089,-116.9544449,6.714713573,4.446725845,23.72998428
517cecc2-2d61-4e03-bd5e-d8a46e9afc44,3,1.299973965,-116.9881134,6.733003616,3.658030272,24.79479599
517cecc2-2d61-4e03-bd5e-d8a46e9afc44,3,1.304973841,-117.021843,6.746810436,2.761383772,26.05323029
517cecc2-2d61-4e03-bd5e-d8a46e9afc44,3,1.309973836,-117.0556259,6.755498886,1.73764503,27.56530762
517cecc2-2d61-4e03-bd5e-d8a46e9afc44,3,1.314973712,-117.0894165,6.758396149,0.579448521,29.3832798
517cecc2-2d61-4e03-bd5e-d8a46e9afc44,3,1.319973588,-117.1231918,6.754905224,-0.698150098,31.53059769
517cecc2-2d61-4e03-bd5e-d8a46e9afc44,3,1.324973464,-117.1569138,6.744643688,-2.052370548,33.9847908
517cecc2-2d61-4e03-bd5e-d8a46e9afc44,3,1.329973459,-117.1905518,6.72756052,-3.416607618,36.67173004
517cecc2-2d61-4e03-bd5e-d8a46e9afc44,3,1.334973335,-117.2240677,6.704021454,-4.707808495,39.46814728
517cecc2-2d61-4e03-bd5e-d8a46e9afc44,3,1.339973211,-117.2574463,6.674833775,-5.837565422,42.21068192
517cecc2-2d61-4e03-bd5e-d8a46e9afc44,3,1.344973087,-117.2906494,6.641202927,-6.72615242,44.71778107
517cecc2-2d61-4e03-bd5e-d8a46e9afc44,3,1.349972963,-117.3236771,6.604624748,-7.315653324,46.81463242
517cecc2-2d61-4e03-bd5e-d8a46e9afc44,3,1.354972959,-117.3565063,6.566708565,-7.58321619,48.36623001
517cecc2-2d61-4e03-bd5e-d8a46e9afc44,3,1.359972835,-117.3891525,6.528979301,-7.545870781,49.29990387
517cecc2-2d61-4e03-bd5e-d8a46e9afc44,3,1.364972711,-117.4216156,6.492693424,-7.257116318,49.61714172
517cecc2-2d61-4e03-bd5e-d8a46e9afc44,3,1.369972587,-117.4539108,6.458711147,-6.796509266,49.39011383
517cecc2-2d61-4e03-bd5e-d8a46e9afc44,3,1.374972463,-117.4860458,6.427459717,-6.250208378,48.73981476
517cecc2-2d61-4e03-bd5e-d8a46e9afc44,3,1.379972458,-117.5180435,6.399003029,-5.691427231,47.80363464
517cecc2-2d61-4e03-bd5e-d8a46e9afc44,3,1.384972334,-117.5499115,6.373171806,-5.166213512,46.70514297
517cecc2-2d61-4e03-bd5e-d8a46e9afc44,3,1.38997221,-117.5816574,6.349733353,-4.687721252,45.52991104
517cecc2-2d61-4e03-bd5e-d8a46e9afc44,3,1.394972086,-117.6132965,6.328540802,-4.238440514,44.31396484
517cecc2-2d61-4e03-bd5e-d8a46e9afc44,3,1.399971962,-117.6448441,6.309654236,-3.777343273,43.04079437
517cecc2-2d61-4e03-bd5e-d8a46e9afc44,3,1.404971957,-117.6763153,6.293395042,-3.251810789,41.65880203
517cecc2-2d61-4e03-bd5e-d8a46e9afc44,3,1.409971833,-117.7077179,6.280333519,-2.612301826,40.10415268
517cecc2-2d61-4e03-bd5e-d8a46e9afc44,3,1.414971709,-117.7390747,6.271213055,-1.824120402,38.32531738
517cecc2-2d61-4e03-bd5e-d8a46e9afc44,3,1.419971585,-117.7704086,6.266854286,-0.871753335,36.29902649
517cecc2-2d61-4e03-bd5e-d8a46e9afc44,3,1.424971461,-117.8017502,6.268036842,0.236473933,34.04161453
517cecc2-2d61-4e03-bd5e-d8a46e9afc44,3,1.429971457,-117.8331223,6.275389671,1.47062397,31.61042595
517cecc2-2d61-4e03-bd5e-d8a46e9afc44,3,1.434971333,-117.8645706,6.289320469,2.786127567,29.09322357
517cecc2-2d61-4e03-bd5e-d8a46e9afc44,3,1.439971209,-117.8961182,6.309982777,4.132456303,26.59137154
517cecc2-2d61-4e03-bd5e-d8a46e9afc44,3,1.444971085,-117.9278107,6.337286472,5.460711956,24.20243454
517cecc2-2d61-4e03-bd5e-d8a46e9afc44,3,1.449970961,-117.9596634,6.370911598,6.725031853,22.01114845
517cecc2-2d61-4e03-bd5e-d8a46e9afc44,3,1.454970956,-117.9917145,6.410322666,7.882213116,20.08416748
517cecc2-2d61-4e03-bd5e-d8a46e9afc44,3,1.459970832,-118.0239868,6.454781055,8.891714096,18.47036934
517cecc2-2d61-4e03-bd5e-d8a46e9afc44,3,1.464970708,-118.0565033,6.503366947,9.717198372,17.20019722
517cecc2-2d61-4e03-bd5e-d8a46e9afc44,3,1.469970584,-118.0892792,6.555009365,10.32842445,16.28925323
517cecc2-2d61-4e03-bd5e-d8a46e9afc44,3,1.47497046,-118.1223221,6.60854435,10.70701504,15.73619747
517cecc2-2d61-4e03-bd5e-d8a46e9afc44,3,1.479970455,-118.155632,6.662797451,10.85062599,15.52016068
517cecc2-2d61-4e03-bd5e-d8a46e9afc44,3,1.484970331,-118.1892166,6.716672421,10.77502155,15.6040678
517cecc2-2d61-4e03-bd5e-d8a46e9afc44,3,1.489970207,-118.2230682,6.769221306,10.50976849,15.9391346
517cecc2-2d61-4e03-bd5e-d8a46e9afc44,3,1.494970083,-118.257164,6.819679737,10.09166813,16.47224426
517cecc2-2d61-4e03-bd5e-d8a46e9afc44,3,1.499969959,-118.2915039,6.867460728,9.556208611,17.15580559
517cecc2-2d61-4e03-bd5e-d8a46e9afc44,3,1.504969954,-118.3260651,6.912106037,8.929071426,17.95546913
517cecc2-2d61-4e03-bd5e-d8a46e9afc44,3,1.509969831,-118.3608246,6.953211308,8.221039772,18.86143112
517cecc2-2d61-4e03-bd5e-d8a46e9afc44,3,1.514969707,-118.3957825,6.99034977,7.427724361,19.88506317
517cecc2-2d61-4e03-bd5e-d8a46e9afc44,3,1.519969583,-118.4308929,7.02300787,6.531579971,21.05760002
517cecc2-2d61-4e03-bd5e-d8a46e9afc44,3,1.524969459,-118.4661484,7.05055809,5.510074139,22.4240818
517cecc2-2d61-4e03-bd5e-d8a46e9afc44,3,1.529969454,-118.5015106,7.072298527,4.348101616,24.02686119
517cecc2-2d61-4e03-bd5e-d8a46e9afc44,3,1.53496933,-118.5369492,7.087556839,3.051620007,25.88801384
517cecc2-2d61-4e03-bd5e-d8a46e9afc44,3,1.539969206,-118.5724258,7.095818043,1.652225375,27.99566269
517cecc2-2d61-4e03-bd5e-d8a46e9afc44,3,1.544969082,-118.6079102,7.0968256,0.201558188,30.30778122
517cecc2-2d61-4e03-bd5e-d8a46e9afc44,3,1.549968958,-118.643364,7.090640545,-1.237037539,32.75865173
517cecc2-2d61-4e03-bd5e-d8a46e9afc44,3,1.554968953,-118.6787491,7.077614307,-2.605229616,35.27780533
517cecc2-2d61-4e03-bd5e-d8a46e9afc44,3,1.559968829,-118.7140427,7.058295727,-3.863759041,37.80962372
517cecc2-2d61-4e03-bd5e-d8a46e9afc44,3,1.564968705,-118.7492065,7.033280849,-5.002916336,40.33094406
517cecc2-2d61-4e03-bd5e-d8a46e9afc44,3,1.569968581,-118.7842255,7.003045559,-6.047095776,42.86187744
517cecc2-2d61-4e03-bd5e-d8a46e9afc44,3,1.574968457,-118.8190613,6.967814922,-7.046154976,45.45943069
517cecc2-2d61-4e03-bd5e-d8a46e9afc44,3,1.579968452,-118.8536987,6.927511692,-8.060632706,48.20020294
517cecc2-2d61-4e03-bd5e-d8a46e9afc44,3,1.584968328,-118.8881073,6.881799221,-9.142419815,51.15405655
517cecc2-2d61-4e03-bd5e-d8a46e9afc44,3,1.589968204,-118.9222641,6.830216885,-10.31655693,54.35716629
517cecc2-2d61-4e03-bd5e-d8a46e9afc44,3,1.594968081,-118.9561234,6.772348404,-11.5736208,57.7934761
517cecc2-2d61-4e03-bd5e-d8a46e9afc44,3,1.599967957,-118.9896622,6.708004951,-12.86876106,61.38786316
517cecc2-2d61-4e03-bd5e-d8a46e9afc44,3,1.604967952,-119.02285,6.637361526,-14.12863159,65.00952911
517cecc2-2d61-4e03-bd5e-d8a46e9afc44,3,1.609967828,-119.0556564,6.561047554,-15.26282883,68.48526764
517cecc2-2d61-4e03-bd5e-d8a46e9afc44,3,1.614967704,-119.0880585,6.480170727,-16.17534256,71.61198425
517cecc2-2d61-4e03-bd5e-d8a46e9afc44,3,1.61996758,-119.1200333,6.396308422,-16.7724514,74.16822815
517cecc2-2d61-4e03-bd5e-d8a46e9afc44,3,1.624967456,-119.1515961,6.311454773,-16.97071457,75.93240356
517cecc2-2d61-4e03-bd5e-d8a46e9afc44,3,1.629967451,-119.1827316,6.227935791,-16.70379639,76.70206451
517cecc2-2d61-4e03-bd5e-d8a46e9afc44,3,1.634967327,-119.2134781,6.148286343,-15.92988777,76.31454468
517cecc2-2d61-4e03-bd5e-d8a46e9afc44,3,1.639967203,-119.2438507,6.075076103,-14.64211082,74.66939545
517cecc2-2d61-4e03-bd5e-d8a46e9afc44,3,1.644967079,-119.2739029,6.010687828,-12.87762451,71.75873566
517cecc2-2d61-4e03-bd5e-d8a46e9afc44,3,1.649966955,-119.303688,5.957118511,-10.71388531,67.67528534
517cecc2-2d61-4e03-bd5e-d8a46e9afc44,3,1.65496695,-119.3332672,5.915810585,-8.261572838,62.61037064
517cecc2-2d61-4e03-bd5e-d8a46e9afc44,3,1.659966826,-119.362709,5.887539387,-5.65420723,56.83840179
517cecc2-2d61-4e03-bd5e-d8a46e9afc44,3,1.664966702,-119.392067,5.872367859,-3.034299612,50.69166183
517cecc2-2d61-4e03-bd5e-d8a46e9afc44,3,1.669966578,-119.4214172,5.869679928,-0.537593544,44.52292633
517cecc2-2d61-4e03-bd5e-d8a46e9afc44,3,1.674966455,-119.4508057,5.878295422,1.72303164,38.66662216
517cecc2-2d61-4e03-bd5e-d8a46e9afc44,3,1.67996645,-119.4802933,5.896653652,3.671670675,33.39592743
517cecc2-2d61-4e03-bd5e-d8a46e9afc44,3,1.684966326,-119.509903,5.923036575,5.276620865,28.89444923
517cecc2-2d61-4e03-bd5e-d8a46e9afc44,3,1.689966202,-119.5396881,5.955792427,6.551114082,25.23853683
517cecc2-2d61-4e03-bd5e-d8a46e9afc44,3,1.694966078,-119.5696564,5.993509769,7.543518066,22.40236473
517cecc2-2d61-4e03-bd5e-d8a46e9afc44,3,1.699965954,-119.5998306,6.035118103,8.321615219,20.28173065
517cecc2-2d61-4e03-bd5e-d8a46e9afc44,3,1.704965949,-119.6302261,6.079884052,8.953228951,18.72893906
517cecc2-2d61-4e03-bd5e-d8a46e9afc44,3,1.709965825,-119.6608658,6.127331734,9.489575386,17.59412193
517cecc2-2d61-4e03-bd5e-d8a46e9afc44,3,1.714965701,-119.6917496,6.17712307,9.958274841,16.75335121
517cecc2-2d61-4e03-bd5e-d8a46e9afc44,3,1.719965577,-119.7228928,6.228961945,10.36771202,16.11716461
517cecc2-2d61-4e03-bd5e-d8a46e9afc44,3,1.724965453,-119.7543106,6.282539845,10.7156477,15.63020897
517cecc2-2d61-4e03-bd5e-d8a46e9afc44,3,1.729965448,-119.7859955,6.337519169,10.99582005,15.2632637
517cecc2-2d61-4e03-bd5e-d8a46e9afc44,3,1.734965324,-119.8179626,6.393539429,11.2040844,15.00133705
517cecc2-2d61-4e03-bd5e-d8a46e9afc44,3,1.7399652,-119.8502121,6.45024538,11.34113979,14.83380699
517cecc2-2d61-4e03-bd5e-d8a46e9afc44,3,1.744965076,-119.8827515,6.50728941,11.4088335,14.7527647
517cecc2-2d61-4e03-bd5e-d8a46e9afc44,3,1.749964952,-119.9155731,6.564340115,11.41015816,14.75470066
517cecc2-2d61-4e03-bd5e-d8a46e9afc44,3,1.754964948,-119.9486771,6.621092796,11.35053539,14.83317375
517cecc2-2d61-4e03-bd5e-d8a46e9afc44,3,1.759964824,-119.9820633,6.677246094,11.23059177,14.98823833
517cecc2-2d61-4e03-bd5e-d8a46e9afc44,3,1.7649647,-120.0157242,6.73246336,11.04350758,15.22930431
517cecc2-2d61-4e03-bd5e-d8a46e9afc44,3,1.769964576,-120.0496597,6.786316395,10.77063274,15.58075714
517cecc2-2d61-4e03-bd5e-d8a46e9afc44,3,1.774964452,-120.083847,6.838227272,10.38209534,16.0807476
517cecc2-2d61-4e03-bd5e-d8a46e9afc44,3,1.779964447,-120.1182861,6.887414932,9.83760643,16.78791428
517cecc2-2d61-4e03-bd5e-d8a46e9afc44,3,1.784964323,-120.1529541,6.932862759,9.089570999,17.77264023
517cecc2-2d61-4e03-bd5e-d8a46e9afc44,3,1.789964199,-120.1878204,6.973279953,8.083402634,19.12282181
517cecc2-2d61-4e03-bd5e-d8a46e9afc44,3,1.794964075,-120.2228546,7.007108688,6.765787125,20.94152069
517cecc2-2d61-4e03-bd5e-d8a46e9afc44,3,1.799963951,-120.2580185,7.032593727,5.096991539,23.33646774
517cecc2-2d61-4e03-bd5e-d8a46e9afc44,3,1.804963946,-120.2932587,7.047889233,3.059078693,26.40856361
517cecc2-2d61-4e03-bd5e-d8a46e9afc44,3,1.809963822,-120.3285141,7.051185131,0.659207582,30.24159431
517cecc2-2d61-4e03-bd5e-d8a46e9afc44,3,1.814963698,-120.3637161,7.040846348,-2.067786217,34.88895798
517cecc2-2d61-4e03-bd5e-d8a46e9afc44,3,1.819963574,-120.3987961,7.015552521,-5.058760166,40.35671997
517cecc2-2d61-4e03-bd5e-d8a46e9afc44,3,1.82496345,-120.4336624,6.97444582,-8.221319199,46.58781433
517cecc2-2d61-4e03-bd5e-d8a46e9afc44,3,1.829963446,-120.4682541,6.917264462,-11.4362936,53.44542313
517cecc2-2d61-4e03-bd5e-d8a46e9afc44,3,1.834963322,-120.5024719,6.844412804,-14.57029819,60.71993637
517cecc2-2d61-4e03-bd5e-d8a46e9afc44,3,1.839963198,-120.5362549,6.75697279,-17.4880867,68.13933563
517cecc2-2d61-4e03-bd5e-d8a46e9afc44,3,1.844963074,-120.5695419,6.656641006,-20.06632996,75.39420319
517cecc2-2d61-4e03-bd5e-d8a46e9afc44,3,1.84996295,-120.602272,6.545599937,-22.20817757,82.17165375
517cecc2-2d61-4e03-bd5e-d8a46e9afc44,3,1.854962945,-120.6343994,6.426343918,-23.85126877,88.18639374
517cecc2-2d61-4e03-bd5e-d8a46e9afc44,3,1.859962821,-120.6659088,6.301476479,-24.97343063,93.21463013
517cecc2-2d61-4e03-bd5e-d8a46e9afc44,3,1.864962697,-120.6967773,6.173520565,-25.59118271,97.11368561
517cecc2-2d61-4e03-bd5e-d8a46e9afc44,3,1.869962573,-120.7269974,6.044751644,-25.75377464,99.83131409
517cecc2-2d61-4e03-bd5e-d8a46e9afc44,3,1.874962449,-120.7565842,5.9170928,-25.53176689,101.3985367
517cecc2-2d61-4e03-bd5e-d8a46e9afc44,3,1.879962444,-120.7855453,5.792080879,-25.00238609,101.9092178
517cecc2-2d61-4e03-bd5e-d8a46e9afc44,3,1.88496232,-120.8139038,5.670906544,-24.23491287,101.4901199
517cecc2-2d61-4e03-bd5e-d8a46e9afc44,3,1.889962196,-120.8416748,5.554494858,-23.28235245,100.2680817
517cecc2-2d61-4e03-bd5e-d8a46e9afc44,3,1.894962072,-120.8688889,5.44360733,-22.17741966,98.35263062
517cecc2-2d61-4e03-bd5e-d8a46e9afc44,3,1.899961948,-120.8955841,5.33898592,-20.92434692,95.81395721
517cecc2-2d61-4e03-bd5e-d8a46e9afc44,3,1.904961944,-120.9217911,5.24146986,-19.50317383,92.67313385
517cecc2-2d61-4e03-bd5e-d8a46e9afc44,3,1.90996182,-120.9475555,5.152052879,-17.88341331,88.91791534
517cecc2-2d61-4e03-bd5e-d8a46e9afc44,3,1.914961696,-120.9729156,5.071856976,-16.03913498,84.52672577
517cecc2-2d61-4e03-bd5e-d8a46e9afc44,3,1.919961572,-120.9979248,5.002046108,-13.96223259,79.491745
517cecc2-2d61-4e03-bd5e-d8a46e9afc44,3,1.924961448,-121.022644,4.943684578,-11.67230225,73.84944153
517cecc2-2d61-4e03-bd5e-d8a46e9afc44,3,1.929961443,-121.0471268,4.897609234,-9.215028763,67.69337463
517cecc2-2d61-4e03-bd5e-d8a46e9afc44,3,1.934961319,-121.0714493,4.864327431,-6.656405449,61.17153549
517cecc2-2d61-4e03-bd5e-d8a46e9afc44,3,1.939961195,-121.0956726,4.843941212,-4.077213287,54.48466873
517cecc2-2d61-4e03-bd5e-d8a46e9afc44,3,1.944961071,-121.1198502,4.836144924,-1.559302211,47.85822678
517cecc2-2d61-4e03-bd5e-d8a46e9afc44,3,1.949960947,-121.1440506,4.840258121,0.822683156,41.52162933
517cecc2-2d61-4e03-bd5e-d8a46e9afc44,3,1.954960942,-121.1683273,4.855291843,3.006772757,35.68349457
517cecc2-2d61-4e03-bd5e-d8a46e9afc44,3,1.959960818,-121.1927261,4.880035877,4.948736191,30.50929832
517cecc2-2d61-4e03-bd5e-d8a46e9afc44,3,1.964960694,-121.2172928,4.913172245,6.62725544,26.10126686
517cecc2-2d61-4e03-bd5e-d8a46e9afc44,3,1.96996057,-121.2420654,4.953390598,8.043732643,22.49018478
517cecc2-2d61-4e03-bd5e-d8a46e9afc44,3,1.974960446,-121.2670593,4.999463081,9.214479446,19.64477921
517cecc2-2d61-4e03-bd5e-d8a46e9afc44,3,1.979960442,-121.2923126,5.050294876,10.16631699,17.48435593
517cecc2-2d61-4e03-bd5e-d8a46e9afc44,3,1.984960318,-121.3178329,5.104948044,10.93065643,15.89778709
517cecc2-2d61-4e03-bd5e-d8a46e9afc44,3,1.989960194,-121.3436508,5.162640572,11.53851414,14.76294422
517cecc2-2d61-4e03-bd5e-d8a46e9afc44,3,1.99496007,-121.3697662,5.222715855,12.01509094,13.96727085
517cecc2-2d61-4e03-bd5e-d8a46e9afc44,3,1.999959946,-121.3961868,5.284617424,12.38028908,13.41852379
517cecc2-2d61-4e03-bd5e-d8a46e9afc44,3,2.004959822,-121.4229279,5.347866058,12.64974022,13.0487051
517cecc2-2d61-4e03-bd5e-d8a46e9afc44,3,2.009959698,-121.4499817,5.412050724,12.83693981,12.81000519
517cecc2-2d61-4e03-bd5e-d8a46e9afc44,3,2.014959812,-121.4773712,5.476818085,12.95349789,12.67248821
517cecc2-2d61-4e03-bd5e-d8a46e9afc44,3,2.019959688,-121.5050812,5.541854382,13.00725937,12.61858177
517cecc2-2d61-4e03-bd5e-d8a46e9afc44,3,2.024959564,-121.5331116,5.60685873,13.00078678,12.6403513
517cecc2-2d61-4e03-bd5e-d8a46e9afc44,3,2.02995944,-121.56147,5.671513557,12.93104172,12.74164867
517cecc2-2d61-4e03-bd5e-d8a46e9afc44,3,2.034959316,-121.5901489,5.73548317,12.79392147,12.92868805
517cecc2-2d61-4e03-bd5e-d8a46e9afc44,3,2.039959192,-121.6191406,5.798401356,12.5836277,13.20878887
517cecc2-2d61-4e03-bd5e-d8a46e9afc44,3,2.044959068,-121.6484375,5.85984993,12.28966427,13.59665012
517cecc2-2d61-4e03-bd5e-d8a46e9afc44,3,2.049958944,-121.6780319,5.919314384,11.89290714,14.11652851
517cecc2-2d61-4e03-bd5e-d8a46e9afc44,3,2.05495882,-121.7079163,5.976106167,11.35835743,14.81653595
517cecc2-2d61-4e03-bd5e-d8a46e9afc44,3,2.059958696,-121.73806,6.029247284,10.62823772,15.78674126
517cecc2-2d61-4e03-bd5e-d8a46e9afc44,3,2.064958811,-121.7684479,6.077347755,9.620091438,17.1578083
517cecc2-2d61-4e03-bd5e-d8a46e9afc44,3,2.069958687,-121.7990417,6.11849165,8.228813171,19.11492729
517cecc2-2d61-4e03-bd5e-d8a46e9afc44,3,2.074958563,-121.8297958,6.150156975,6.333009243,21.90123177
517cecc2-2d61-4e03-bd5e-d8a46e9afc44,3,2.079958439,-121.8606415,6.169202805,3.809138775,25.80766869
517cecc2-2d61-4e03-bd5e-d8a46e9afc44,3,2.084958315,-121.8915024,6.172060966,0.571724892,31.11388016
517cecc2-2d61-4e03-bd5e-d8a46e9afc44,3,2.089958191,-121.9222717,6.155123234,-3.38758111,38.01506042
517cecc2-2d61-4e03-bd5e-d8a46e9afc44,3,2.094958067,-121.9528503,6.115258694,-7.972943783,46.5487709
517cecc2-2d61-4e03-bd5e-d8a46e9afc44,3,2.099957943,-121.9831009,6.050367832,-12.97810268,56.54626083
517cecc2-2d61-4e03-bd5e-d8a46e9afc44,3,2.104957819,-122.0129013,5.959878445,-18.09793091,67.6083374
517cecc2-2d61-4e03-bd5e-d8a46e9afc44,3,2.109957695,-122.0421295,5.845100403,-22.95561981,79.11321259
517cecc2-2d61-4e03-bd5e-d8a46e9afc44,3,2.114957809,-122.0706711,5.709376335,-27.1447525,90.26564026
517cecc2-2d61-4e03-bd5e-d8a46e9afc44,3,2.119957685,-122.098465,5.557929993,-30.28930664,100.1896515
517cecc2-2d61-4e03-bd5e-d8a46e9afc44,3,2.124957561,-122.1254501,5.397404194,-32.10516739,108.0514832
517cecc2-2d61-4e03-bd5e-d8a46e9afc44,3,2.129957438,-122.1516266,5.23517561,-32.44570923,113.179306
517cecc2-2d61-4e03-bd5e-d8a46e9afc44,3,2.134957314,-122.1770172,5.078547955,-31.32557678,115.1639481
517cecc2-2d61-4e03-bd5e-d8a46e9afc44,3,2.13995719,-122.2016907,4.933964252,-28.91666603,113.9154053
517cecc2-2d61-4e03-bd5e-d8a46e9afc44,3,2.144957066,-122.2257233,4.80637455,-25.51798439,109.6701584
517cecc2-2d61-4e03-bd5e-d8a46e9afc44,3,2.149956942,-122.2492142,4.698850155,-21.50490952,102.9437637
517cecc2-2d61-4e03-bd5e-d8a46e9afc44,3,2.154956818,-122.2722778,4.612505436,-17.2688942,94.4415741
517cecc2-2d61-4e03-bd5e-d8a46e9afc44,3,2.159956694,-122.2950134,4.546723366,-13.1564436,84.942276
517cecc2-2d61-4e03-bd5e-d8a46e9afc44,3,2.164956808,-122.3175125,4.499595165,-9.425577164,75.18164063
517cecc2-2d61-4e03-bd5e-d8a46e9afc44,3,2.169956684,-122.3398514,4.468466282,-6.225839138,65.76298523
517cecc2-2d61-4e03-bd5e-d8a46e9afc44,3,2.17495656,-122.3621063,4.450450897,-3.603069305,57.12216187
517cecc2-2d61-4e03-bd5e-d8a46e9afc44,3,2.179956436,-122.3843155,4.44285202,-1.519784451,49.51517868
517cecc2-2d61-4e03-bd5e-d8a46e9afc44,3,2.184956312,-122.4065323,4.443434238,0.116452917,43.03686523
517cecc2-2d61-4e03-bd5e-d8a46e9afc44,3,2.189956188,-122.4287872,4.450589657,1.431100249,37.64615631
517cecc2-2d61-4e03-bd5e-d8a46e9afc44,3,2.194956064,-122.4511032,4.463321209,2.546314001,33.22025681
517cecc2-2d61-4e03-bd5e-d8a46e9afc44,3,2.19995594,-122.4735107,4.481084347,3.552604675,29.61098671
517cecc2-2d61-4e03-bd5e-d8a46e9afc44,3,2.204955816,-122.4960251,4.503545284,4.492208481,26.68800735
517cecc2-2d61-4e03-bd5e-d8a46e9afc44,3,2.209955692,-122.5186768,4.530337811,5.358478546,24.36197472
517cecc2-2d61-4e03-bd5e-d8a46e9afc44,3,2.214955807,-122.541481,4.560852528,6.102925777,22.59164238
517cecc2-2d61-4e03-bd5e-d8a46e9afc44,3,2.219955683,-122.5644531,4.594067097,6.64293766,21.39216805
517cecc2-2d61-4e03-bd5e-d8a46e9afc44,3,2.224955559,-122.5876007,4.62845993,6.878536224,20.81803894
517cecc2-2d61-4e03-bd5e-d8a46e9afc44,3,2.229955435,-122.6109085,4.661980152,6.704079628,20.95605278
517cecc2-2d61-4e03-bd5e-d8a46e9afc44,3,2.234955311,-122.6343689,4.69212389,6.028756618,21.90921783
517cecc2-2d61-4e03-bd5e-d8a46e9afc44,3,2.239955187,-122.6579514,4.716123581,4.799904823,23.76821136
517cecc2-2d61-4e03-bd5e-d8a46e9afc44,3,2.244955063,-122.6816025,4.731217861,3.018853188,26.58372307
517cecc2-2d61-4e03-bd5e-d8a46e9afc44,3,2.249954939,-122.7052765,4.734976292,0.751737595,30.33829689
517cecc2-2d61-4e03-bd5e-d8a46e9afc44,3,2.254954815,-122.7289047,4.725619316,-1.871390939,34.92610931
517cecc2-2d61-4e03-bd5e-d8a46e9afc44,3,2.259954691,-122.7524185,4.702261925,-4.67150259,40.15081787
517cecc2-2d61-4e03-bd5e-d8a46e9afc44,3,2.264954805,-122.7757416,4.665050983,-7.442156315,45.73514557
517cecc2-2d61-4e03-bd5e-d8a46e9afc44,3,2.269954681,-122.7988205,4.615149498,-9.980326653,51.35214996
517cecc2-2d61-4e03-bd5e-d8a46e9afc44,3,2.274954557,-122.8215942,4.55459404,-12.111063,56.65988159
517cecc2-2d61-4e03-bd5e-d8a46e9afc44,3,2.279954433,-122.8440247,4.486066818,-13.70547867,61.33403015
517cecc2-2d61-4e03-bd5e-d8a46e9afc44,3,2.284954309,-122.8660889,4.412577629,-14.69786739,65.11038208
517cecc2-2d61-4e03-bd5e-d8a46e9afc44,3,2.289954185,-122.8877716,4.337129593,-15.08959866,67.81273651
517cecc2-2d61-4e03-bd5e-d8a46e9afc44,3,2.294954062,-122.9090805,4.262423992,-14.941082,69.36911011
517cecc2-2d61-4e03-bd5e-d8a46e9afc44,3,2.299953938,-122.9300385,4.190636635,-14.35744858,69.8109436
517cecc2-2d61-4e03-bd5e-d8a46e9afc44,3,2.304953814,-122.9506531,4.123318195,-13.4637022,69.25481415
517cecc2-2d61-4e03-bd5e-d8a46e9afc44,3,2.30995369,-122.9709625,4.061397076,-12.38423538,67.87513733
517cecc2-2d61-4e03-bd5e-d8a46e9afc44,3,2.314953804,-122.9909897,4.005280018,-11.22340775,65.87182617
517cecc2-2d61-4e03-bd5e-d8a46e9afc44,3,2.31995368,-123.0107651,3.955009222,-10.05418396,63.43636322
517cecc2-2d61-4e03-bd5e-d8a46e9afc44,3,2.324953556,-123.0303116,3.9104352,-8.914800644,60.72709656
517cecc2-2d61-4e03-bd5e-d8a46e9afc44,3,2.329953432,-123.0496674,3.871361494,-7.814738274,57.85369873
517cecc2-2d61-4e03-bd5e-d8a46e9afc44,3,2.334953308,-123.0688553,3.83762145,-6.748016357,54.88897705
517cecc2-2d61-4e03-bd5e-d8a46e9afc44,3,2.339953184,-123.0879059,3.809128284,-5.698625565,51.87295914
517cecc2-2d61-4e03-bd5e-d8a46e9afc44,3,2.34495306,-123.1068344,3.785881758,-4.649292946,48.82582855
517cecc2-2d61-4e03-bd5e-d8a46e9afc44,3,2.349952936,-123.1256714,3.767951727,-3.586031675,45.760952
517cecc2-2d61-4e03-bd5e-d8a46e9afc44,3,2.354952812,-123.1444473,3.755470753,-2.496186495,42.68898392
517cecc2-2d61-4e03-bd5e-d8a46e9afc44,3,2.359952688,-123.1631927,3.748610497,-1.372019887,39.62657928
517cecc2-2d61-4e03-bd5e-d8a46e9afc44,3,2.364952803,-123.1819305,3.747527838,-0.216568604,36.60630417
517cecc2-2d61-4e03-bd5e-d8a46e9afc44,3,2.369952679,-123.2006912,3.752283812,0.951230466,33.68310547
517cecc2-2d61-4e03-bd5e-d8a46e9afc44,3,2.374952555,-123.2195053,3.762722254,2.087684393,30.94337082
517cecc2-2d61-4e03-bd5e-d8a46e9afc44,3,2.379952431,-123.2383957,3.778330088,3.121539354,28.50910759
517cecc2-2d61-4e03-bd5e-d8a46e9afc44,3,2.384952307,-123.2573853,3.798095226,3.953038931,26.54429817
517cecc2-2d61-4e03-bd5e-d8a46e9afc44,3,2.389952183,-123.2764893,3.820339203,4.448793411,25.25174522
517cecc2-2d61-4e03-bd5e-d8a46e9afc44,3,2.394952059,-123.2957001,3.84257102,4.446383953,24.88298035
517cecc2-2d61-4e03-bd5e-d8a46e9afc44,3,2.399951935,-123.3150101,3.861471176,3.780018806,25.71769524
517cecc2-2d61-4e03-bd5e-d8a46e9afc44,3,2.404951811,-123.3343735,3.873060942,2.317960739,28.01847839
517cecc2-2d61-4e03-bd5e-d8a46e9afc44,3,2.409951687,-123.3537445,3.873100996,0.008002987,31.96297455
517cecc2-2d61-4e03-bd5e-d8a46e9afc44,3,2.414951801,-123.3730316,3.85765624,-3.08894515,37.57752991
517cecc2-2d61-4e03-bd5e-d8a46e9afc44,3,2.419951677,-123.3921509,3.823742867,-6.782688141,44.6818924
517cecc2-2d61-4e03-bd5e-d8a46e9afc44,3,2.424951553,-123.4109955,3.769932508,-10.7620573,52.86590958
517cecc2-2d61-4e03-bd5e-d8a46e9afc44,3,2.429951429,-123.4294815,3.69677496,-14.63153076,61.51026535
517cecc2-2d61-4e03-bd5e-d8a46e9afc44,3,2.434951305,-123.4475174,3.606920242,-17.97091484,69.85333252
517cecc2-2d61-4e03-bd5e-d8a46e9afc44,3,2.439951181,-123.4650421,3.504888058,-20.4064312,77.09741974
517cecc2-2d61-4e03-bd5e-d8a46e9afc44,3,2.444951057,-123.4820251,3.396463156,-21.6850071,82.54211426
517cecc2-2d61-4e03-bd5e-d8a46e9afc44,3,2.449950933,-123.4984589,3.287873983,-21.71780968,85.70018768
517cecc2-2d61-4e03-bd5e-d8a46e9afc44,3,2.454950809,-123.514389,3.184919119,-20.59100533,86.3712616
517cecc2-2d61-4e03-bd5e-d8a46e9afc44,3,2.459950686,-123.5298462,3.092181206,-18.54757118,84.67349243
517cecc2-2d61-4e03-bd5e-d8a46e9afc44,3,2.4649508,-123.5449142,3.012483835,-15.93945408,81.0152359
517cecc2-2d61-4e03-bd5e-d8a46e9afc44,3,2.469950676,-123.5596466,2.946698427,-13.15710163,76.01207733
517cecc2-2d61-4e03-bd5e-d8a46e9afc44,3,2.474950552,-123.5741119,2.89391613,-10.55644989,70.36743164
517cecc2-2d61-4e03-bd5e-d8a46e9afc44,3,2.479950428,-123.5883713,2.851933956,-8.396449089,64.74530792
517cecc2-2d61-4e03-bd5e-d8a46e9afc44,3,2.484950304,-123.6024628,2.817917347,-6.803304672,59.66101074
517cecc2-2d61-4e03-bd5e-d8a46e9afc44,3,2.48995018,-123.6164093,2.789055824,-5.772320271,55.41808319
517cecc2-2d61-4e03-bd5e-d8a46e9afc44,3,2.494950056,-123.6302261,2.763035297,-5.204118252,52.10400772
517cecc2-2d61-4e03-bd5e-d8a46e9afc44,3,2.499949932,-123.6439133,2.738286972,-4.949624538,49.64293289
517cecc2-2d61-4e03-bd5e-d8a46e9afc44,3,2.504949808,-123.657486,2.714040279,-4.849339485,47.84777069
517cecc2-2d61-4e03-bd5e-d8a46e9afc44,3,2.509949684,-123.6709366,2.690176249,-4.772823811,46.49370956
517cecc2-2d61-4e03-bd5e-d8a46e9afc44,3,2.514949799,-123.6842728,2.666980982,-4.639055252,45.37831116
517cecc2-2d61-4e03-bd5e-d8a46e9afc44,3,2.519949675,-123.6974945,2.644883394,-4.419506073,44.35875702
517cecc2-2d61-4e03-bd5e-d8a46e9afc44,3,2.524949551,-123.7106171,2.624245882,-4.12750864,43.36114883
517cecc2-2d61-4e03-bd5e-d8a46e9afc44,3,2.529949427,-123.7236404,2.605260849,-3.797002077,42.36697769
517cecc2-2d61-4e03-bd5e-d8a46e9afc44,3,2.534949303,-123.7365799,2.587922573,-3.467652798,41.39573669
517cecc2-2d61-4e03-bd5e-d8a46e9afc44,3,2.539949179,-123.7494431,2.572055578,-3.173401594,40.48455811
517cecc2-2d61-4e03-bd5e-d8a46e9afc44,3,2.544949055,-123.7622299,2.557356358,-2.939841509,39.67761612
517cecc2-2d61-4e03-bd5e-d8a46e9afc44,3,2.549948931,-123.7749481,2.543433428,-2.784579515,39.01738739
517cecc2-2d61-4e03-bd5e-d8a46e9afc44,3,2.554948807,-123.7875977,2.529844999,-2.717710733,38.54056168
517cecc2-2d61-4e03-bd5e-d8a46e9afc44,3,2.559948683,-123.8001785,2.516094685,-2.750073671,38.28477859
517cecc2-2d61-4e03-bd5e-d8a46e9afc44,3,2.564948797,-123.8126831,2.501596689,-2.899583817,38.29804611
517cecc2-2d61-4e03-bd5e-d8a46e9afc44,3,2.569948673,-123.8251114,2.485650301,-3.18927145,38.63682556
517cecc2-2d61-4e03-bd5e-d8a46e9afc44,3,2.574948549,-123.8374481,2.467451572,-3.639762163,39.35670853
517cecc2-2d61-4e03-bd5e-d8a46e9afc44,3,2.579948425,-123.849678,2.446146965,-4.260896206,40.49840164
517cecc2-2d61-4e03-bd5e-d8a46e9afc44,3,2.584948301,-123.8617859,2.420939922,-5.041434765,42.06896973
517cecc2-2d61-4e03-bd5e-d8a46e9afc44,3,2.589948177,-123.8737411,2.39120245,-5.947491646,44.03164673
517cecc2-2d61-4e03-bd5e-d8a46e9afc44,3,2.594948053,-123.8855209,2.356592178,-6.922049999,46.29865646
517cecc2-2d61-4e03-bd5e-d8a46e9afc44,3,2.599947929,-123.89711,2.317145824,-7.889266014,48.73338699
517cecc2-2d61-4e03-bd5e-d8a46e9afc44,3,2.604947805,-123.9084778,2.273323536,-8.76444149,51.16275024
517cecc2-2d61-4e03-bd5e-d8a46e9afc44,3,2.609947681,-123.9196091,2.225990534,-9.466605186,53.39753342
517cecc2-2d61-4e03-bd5e-d8a46e9afc44,3,2.614947796,-123.9304886,2.176331758,-9.931778908,55.25818634
517cecc2-2d61-4e03-bd5e-d8a46e9afc44,3,2.619947672,-123.9411163,2.125729799,-10.12039375,56.59722519
517cecc2-2d61-4e03-bd5e-d8a46e9afc44,3,2.624947548,-123.9514923,2.075629711,-10.02000237,57.3123436
517cecc2-2d61-4e03-bd5e-d8a46e9afc44,3,2.629947424,-123.9616318,2.027396441,-9.646637917,57.35931778
517cecc2-2d61-4e03-bd5e-d8a46e9afc44,3,2.6349473,-123.9715424,1.982204437,-9.038425446,56.75000763
517cecc2-2d61-4e03-bd5e-d8a46e9afc44,3,2.639947176,-123.9812469,1.940957308,-8.249418259,55.54644394
517cecc2-2d61-4e03-bd5e-d8a46e9afc44,3,2.644947052,-123.9907684,1.904279232,-7.335604191,53.83998108
517cecc2-2d61-4e03-bd5e-d8a46e9afc44,3,2.649946928,-124.0001297,1.872545004,-6.346853733,51.73766708
517cecc2-2d61-4e03-bd5e-d8a46e9afc44,3,2.654946804,-124.0093613,1.845944643,-5.320086479,49.34204483
517cecc2-2d61-4e03-bd5e-d8a46e9afc44,3,2.659946918,-124.018486,1.824563146,-4.276280403,46.74247742
517cecc2-2d61-4e03-bd5e-d8a46e9afc44,3,2.664946795,-124.0275269,1.808458567,-3.220924616,44.00994492
517cecc2-2d61-4e03-bd5e-d8a46e9afc44,3,2.669946671,-124.0365143,1.797725916,-2.146524906,41.19718552
517cecc2-2d61-4e03-bd5e-d8a46e9afc44,3,2.674946547,-124.0454788,1.792540908,-1.037006259,38.3408432
517cecc2-2d61-4e03-bd5e-d8a46e9afc44,3,2.679946423,-124.0544434,1.793168545,0.125539124,35.46881485
517cecc2-2d61-4e03-bd5e-d8a46e9afc44,3,2.684946299,-124.063446,1.799930215,1.352316976,32.61060333
517cecc2-2d61-4e03-bd5e-d8a46e9afc44,3,2.689946175,-124.0725098,1.813139915,2.641941786,29.8017807
517cecc2-2d61-4e03-bd5e-d8a46e9afc44,3,2.694946051,-124.0816727,1.833002567,3.972528934,27.09486771
517cecc2-2d61-4e03-bd5e-d8a46e9afc44,3,2.699945927,-124.0909729,1.859479547,5.29541254,24.56644821
517cecc2-2d61-4e03-bd5e-d8a46e9afc44,3,2.704945803,-124.1004333,1.892165542,6.537186623,22.3138485
517cecc2-2d61-4e03-bd5e-d8a46e9afc44,3,2.709945917,-124.1100845,1.930170774,7.601044655,20.45486069
517cecc2-2d61-4e03-bd5e-d8a46e9afc44,3,2.714945793,-124.1199417,1.972008467,8.36755085,19.13817596
517cecc2-2d61-4e03-bd5e-d8a46e9afc44,3,2.719945669,-124.1300201,2.015534163,8.705149651,18.52369499
517cecc2-2d61-4e03-bd5e-d8a46e9afc44,3,2.724945545,-124.1403122,2.057947874,8.482737541,18.78242874
517cecc2-2d61-4e03-bd5e-d8a46e9afc44,3,2.729945421,-124.1507874,2.095915794,7.593562126,20.07730865
517cecc2-2d61-4e03-bd5e-d8a46e9afc44,3,2.734945297,-124.1614227,2.125844955,5.985840797,22.53118324
517cecc2-2d61-4e03-bd5e-d8a46e9afc44,3,2.739945173,-124.172142,2.144232988,3.677581549,26.19915199
517cecc2-2d61-4e03-bd5e-d8a46e9afc44,3,2.744945049,-124.1828842,2.148021936,0.757803738,31.05591011
517cecc2-2d61-4e03-bd5e-d8a46e9afc44,3,2.749944925,-124.1935577,2.134978533,-2.608650446,36.96750641
517cecc2-2d61-4e03-bd5e-d8a46e9afc44,3,2.754944801,-124.2040787,2.104005814,-6.194587708,43.68399811
517cecc2-2d61-4e03-bd5e-d8a46e9afc44,3,2.759944916,-124.2143555,2.055328131,-9.735515594,50.84807205
517cecc2-2d61-4e03-bd5e-d8a46e9afc44,3,2.764944792,-124.2243042,1.990505815,-12.96446514,58.02961731
517cecc2-2d61-4e03-bd5e-d8a46e9afc44,3,2.769944668,-124.2338638,1.912271738,-15.64681625,64.7698822
517cecc2-2d61-4e03-bd5e-d8a46e9afc44,3,2.774944544,-124.2429886,1.824226975,-17.60895729,70.63285828
517cecc2-2d61-4e03-bd5e-d8a46e9afc44,3,2.77994442,-124.2516403,1.730417132,-18.76196671,75.26180267
517cecc2-2d61-4e03-bd5e-d8a46e9afc44,3,2.784944296,-124.2598114,1.634871364,-19.10915184,78.42370605
517cecc2-2d61-4e03-bd5e-d8a46e9afc44,3,2.789944172,-124.2675171,1.541171551,-18.73996162,80.03595734
517cecc2-2d61-4e03-bd5e-d8a46e9afc44,3,2.794944048,-124.2747803,1.452115297,-17.81125832,80.17217255
517cecc2-2d61-4e03-bd5e-d8a46e9afc44,3,2.799943924,-124.2816315,1.36948967,-16.52511406,79.05280304
517cecc2-2d61-4e03-bd5e-d8a46e9afc44,3,2.8049438,-124.2881012,1.294008613,-15.09620094,77.00872803
517cecc2-2d61-4e03-bd5e-d8a46e9afc44,3,2.809943914,-124.2942276,1.225397348,-13.7222662,74.43177795
517cecc2-2d61-4e03-bd5e-d8a46e9afc44,3,2.81494379,-124.3000412,1.162561655,-12.5671339,71.73021698
517cecc2-2d61-4e03-bd5e-d8a46e9afc44,3,2.819943666,-124.3055573,1.103804708,-11.75138092,69.28436279
517cecc2-2d61-4e03-bd5e-d8a46e9afc44,3,2.824943542,-124.310791,1.047089577,-11.34304714,67.39392853
517cecc2-2d61-4e03-bd5e-d8a46e9afc44,3,2.829943419,-124.3157425,0.990318358,-11.35423565,66.26097107
517cecc2-2d61-4e03-bd5e-d8a46e9afc44,3,2.834943295,-124.3204041,0.931612372,-11.74119282,65.96448517
517cecc2-2d61-4e03-bd5e-d8a46e9afc44,3,2.839943171,-124.3247528,0.86955452,-12.41156864,66.45793915
517cecc2-2d61-4e03-bd5e-d8a46e9afc44,3,2.844943047,-124.3287659,0.803302646,-13.25038338,67.60030365
517cecc2-2d61-4e03-bd5e-d8a46e9afc44,3,2.849942923,-124.332428,0.732643962,-14.13173103,69.17817688
517cecc2-2d61-4e03-bd5e-d8a46e9afc44,3,2.854942799,-124.3357162,0.658005714,-14.9276495,70.92868042
517cecc2-2d61-4e03-bd5e-d8a46e9afc44,3,2.859942913,-124.338623,0.580391288,-15.52288437,72.57328033
517cecc2-2d61-4e03-bd5e-d8a46e9afc44,3,2.864942789,-124.3411255,0.501246393,-15.82897758,73.85246277
517cecc2-2d61-4e03-bd5e-d8a46e9afc44,3,2.869942665,-124.3432388,0.422279775,-15.79332542,74.55499268
517cecc2-2d61-4e03-bd5e-d8a46e9afc44,3,2.874942541,-124.3449631,0.34525618,-15.40471745,74.54360199
517cecc2-2d61-4e03-bd5e-d8a46e9afc44,3,2.879942417,-124.3463211,0.271783471,-14.69454288,73.76972198
517cecc2-2d61-4e03-bd5e-d8a46e9afc44,3,2.884942293,-124.3473434,0.203127906,-13.73111629,72.27629089
517cecc2-2d61-4e03-bd5e-d8a46e9afc44,3,2.889942169,-124.3480377,0.14006266,-12.61304665,70.19263458
517cecc2-2d61-4e03-bd5e-d8a46e9afc44,3,2.894942045,-124.3484573,0.082813963,-11.44974041,67.70815277
517cecc2-2d61-4e03-bd5e-d8a46e9afc44,3,2.899941921,-124.3486099,0.03105144,-10.35250473,65.05281067